id;title;message;date
1;Intelligent Outdoors;Harbor Montana;2019-12-18
2;Concrete Investment Account Saint Lucia;User-centric;2019-12-18
3;neutral Salad;Auto Loan Account modular Refined;2019-12-18
4;mint green e-business EXE;back-end;2019-12-17
5;support Gorgeous;withdrawal;2019-12-18
6;cutting-edge ability Hat;supply-chains magenta;2019-12-18
7;24/7;Gloves sky blue Oklahoma;2019-12-18
8;Tasty Concrete Chips Exclusive;Buckinghamshire capability zero tolerance;2019-12-18
9;Personal Loan Account;paradigms Home;2019-12-18
10;deposit Canadian Dollar Lebanon;Designer Persistent;2019-12-18
